name,url,latestYear,YearsAvailable
Adelanto,https://transcal.s3.amazonaws.com/public/export/adelanto-2016.csv,2016,"2016, 2015, 2014, 2013, 2012, 2011"
Agoura-Hills,https://transcal.s3.amazonaws.com/public/export/agoura-hills-2016.csv,2016,"2016, 2015, 2014, 2013, 2012, 2011"
Alameda,https://transcal.s3.amazonaws.com/public/export/alameda-2016.csv,2016,"2016, 2015, 2014, 2013, 2012, 2011"
Albany,https://transcal.s3.amazonaws.com/public/export/albany-2016.csv,2016,"2016, 2015, 2014, 2013, 2012, 2011"
Alhambra,https://transcal.s3.amazonaws.com/public/export/alhambra-2016.csv,2016,"2016, 2015, 2014, 2013, 2012, 2011"
Aliso-Viejo,https://transcal.s3.amazonaws.com/public/export/aliso-viejo-2016.csv,2016,"2016, 2015, 2014, 2013, 2012, 2011"
Alturas,https://transcal.s3.amazonaws.com/public/export/alturas-2016.csv,2016,"2016, 2015, 2014, 2013, 2012"
Amador-City,https://transcal.s3.amazonaws.com/public/export/amador-city-2016.csv,2016,"2016, 2015, 2014, 2013, 2012, 2011"
American-Canyon,https://transcal.s3.amazonaws.com/public/export/american-canyon-2016.csv,2016,"2016, 2015, 2014, 2013, 2012, 2011"
Anaheim,https://transcal.s3.amazonaws.com/public/export/anaheim-2016.csv,2016,"2016, 2015, 2014, 2013, 2012, 2011"
Anderson,https://transcal.s3.amazonaws.com/public/export/anderson-2016.csv,2016,"2016, 2014, 2013, 2012, 2011"
Angels-Camp,https://transcal.s3.amazonaws.com/public/export/angels-camp-2016.csv,2016,"2016, 2015, 2014"
Antioch,https://transcal.s3.amazonaws.com/public/export/antioch-2016.csv,2016,"2016, 2015, 2014, 2013, 2012, 2011"
Apple-Valley,https://transcal.s3.amazonaws.com/public/export/apple-valley-2016.csv,2016,"2016, 2015, 2014, 2013"
Arcadia,https://transcal.s3.amazonaws.com/public/export/arcadia-2016.csv,2016,"2016, 2015, 2014, 2013, 2012"
Arcata,https://transcal.s3.amazonaws.com/public/export/arcata-2016.csv,2016,"2016, 2015, 2014, 2013, 2012, 2011"
Arroyo-Grande,https://transcal.s3.amazonaws.com/public/export/arroyo-grande-2016.csv,2016,"2016, 2015, 2014, 2013, 2012, 2011"
Artesia,https://transcal.s3.amazonaws.com/public/export/artesia-2016.csv,2016,"2016, 2015, 2014, 2013, 2012, 2011"
Arvin,https://transcal.s3.amazonaws.com/public/export/arvin-2016.csv,2016,"2016, 2014, 2013"
Atascadero,https://transcal.s3.amazonaws.com/public/export/atascadero-2016.csv,2016,"2016, 2015, 2014, 2013, 2012, 2011"
Atherton,https://transcal.s3.amazonaws.com/public/export/atherton-2016.csv,2016,"2016, 2015, 2014, 2013, 2012, 2011"
Atwater,https://transcal.s3.amazonaws.com/public/export/atwater-2016.csv,2016,"2016, 2015, 2014, 2013, 2012, 2011"
Auburn,https://transcal.s3.amazonaws.com/public/export/auburn-2016.csv,2016,"2016, 2015, 2014, 2013, 2012, 2011"
Avalon,https://transcal.s3.amazonaws.com/public/export/avalon-2016.csv,2016,"2016, 2015, 2014, 2013, 2012, 2011"
Avenal,https://transcal.s3.amazonaws.com/public/export/avenal-2016.csv,2016,"2016, 2015, 2014, 2013, 2012, 2011"
Azusa,https://transcal.s3.amazonaws.com/public/export/azusa-2016.csv,2016,"2016, 2015, 2014, 2013, 2012, 2011"
Bakersfield,https://transcal.s3.amazonaws.com/public/export/bakersfield-2016.csv,2016,"2016, 2015, 2014, 2013, 2012, 2011"
Baldwin-Park,https://transcal.s3.amazonaws.com/public/export/baldwin-park-2016.csv,2016,"2016, 2015, 2014, 2013, 2012, 2011"
Banning,https://transcal.s3.amazonaws.com/public/export/banning-2016.csv,2016,"2016, 2015, 2014, 2013, 2012, 2011"
Barstow,https://transcal.s3.amazonaws.com/public/export/barstow-2016.csv,2016,"2016, 2015, 2014, 2013, 2012, 2011"
Beaumont,https://transcal.s3.amazonaws.com/public/export/beaumont-2016.csv,2016,"2016, 2015, 2014, 2013"
Bell,https://transcal.s3.amazonaws.com/public/export/bell-2016.csv,2016,"2016, 2015, 2013, 2012"
Bellflower,https://transcal.s3.amazonaws.com/public/export/bellflower-2016.csv,2016,"2016, 2015, 2014, 2013, 2012, 2011"
Bell-Gardens,https://transcal.s3.amazonaws.com/public/export/bell-gardens-2016.csv,2016,"2016, 2015, 2014, 2013, 2012, 2011"
Belmont,https://transcal.s3.amazonaws.com/public/export/belmont-2016.csv,2016,"2016, 2015, 2014, 2013, 2012, 2011"
Belvedere,https://transcal.s3.amazonaws.com/public/export/belvedere-2016.csv,2016,"2016, 2015, 2014, 2013, 2012, 2011"
Benicia,https://transcal.s3.amazonaws.com/public/export/benicia-2016.csv,2016,"2016, 2015, 2014, 2013, 2012, 2011"
Berkeley,https://transcal.s3.amazonaws.com/public/export/berkeley-2016.csv,2016,"2016, 2015, 2014, 2013, 2012, 2011"
Beverly-Hills,https://transcal.s3.amazonaws.com/public/export/beverly-hills-2016.csv,2016,"2016, 2015, 2014, 2013, 2012, 2011"
Big-Bear-Lake,https://transcal.s3.amazonaws.com/public/export/big-bear-lake-2016.csv,2016,"2016, 2015, 2014, 2013, 2012, 2011"
Biggs,https://transcal.s3.amazonaws.com/public/export/biggs-2016.csv,2016,"2016, 2015, 2014, 2013, 2012, 2011"
Bishop,https://transcal.s3.amazonaws.com/public/export/bishop-2016.csv,2016,"2016, 2015, 2014, 2013, 2012, 2011"
Blue-Lake,https://transcal.s3.amazonaws.com/public/export/blue-lake-2016.csv,2016,"2016, 2015, 2014, 2013, 2012"
Blythe,https://transcal.s3.amazonaws.com/public/export/blythe-2016.csv,2016,"2016, 2015, 2014, 2013, 2012, 2011"
Bradbury,https://transcal.s3.amazonaws.com/public/export/bradbury-2016.csv,2016,"2016, 2015, 2014, 2013, 2012"
Brawley,https://transcal.s3.amazonaws.com/public/export/brawley-2016.csv,2016,"2016, 2015, 2014, 2013, 2012, 2011"
Brea,https://transcal.s3.amazonaws.com/public/export/brea-2016.csv,2016,"2016, 2015, 2014, 2013, 2012, 2011"
Brentwood,https://transcal.s3.amazonaws.com/public/export/brentwood-2016.csv,2016,"2016, 2015, 2014, 2013, 2012, 2011"
Brisbane,https://transcal.s3.amazonaws.com/public/export/brisbane-2016.csv,2016,"2016, 2015, 2014, 2013, 2012, 2011"
Buellton,https://transcal.s3.amazonaws.com/public/export/buellton-2016.csv,2016,"2016, 2015, 2014, 2013"
Buena-Park,https://transcal.s3.amazonaws.com/public/export/buena-park-2016.csv,2016,"2016, 2015, 2014, 2013, 2012, 2011"
Burbank,https://transcal.s3.amazonaws.com/public/export/burbank-2016.csv,2016,"2016, 2015, 2014, 2013, 2012, 2011"
Burlingame,https://transcal.s3.amazonaws.com/public/export/burlingame-2016.csv,2016,"2016, 2015, 2014, 2013, 2012, 2011"
Calabasas,https://transcal.s3.amazonaws.com/public/export/calabasas-2016.csv,2016,"2016, 2015, 2014, 2013, 2012, 2011"
Calexico,https://transcal.s3.amazonaws.com/public/export/calexico-2016.csv,2016,"2016, 2015"
California-City,https://transcal.s3.amazonaws.com/public/export/california-city-2016.csv,2016,"2016, 2015, 2014, 2013, 2012, 2011"
Calimesa,https://transcal.s3.amazonaws.com/public/export/calimesa-2016.csv,2016,"2016, 2015, 2014, 2013, 2012, 2011"
Calipatria,https://transcal.s3.amazonaws.com/public/export/calipatria-2016.csv,2016,"2016, 2015"
Calistoga,https://transcal.s3.amazonaws.com/public/export/calistoga-2016.csv,2016,"2016, 2015, 2014, 2013, 2012, 2011"
Camarillo,https://transcal.s3.amazonaws.com/public/export/camarillo-2016.csv,2016,"2016, 2015, 2014, 2013, 2012, 2011"
Campbell,https://transcal.s3.amazonaws.com/public/export/campbell-2016.csv,2016,"2016, 2015, 2014, 2013, 2012, 2011"
Canyon-Lake,https://transcal.s3.amazonaws.com/public/export/canyon-lake-2016.csv,2016,"2016, 2015, 2014, 2013"
Capitola,https://transcal.s3.amazonaws.com/public/export/capitola-2016.csv,2016,"2016, 2015, 2014, 2013, 2011"
Carlsbad,https://transcal.s3.amazonaws.com/public/export/carlsbad-2016.csv,2016,"2016, 2015, 2014, 2013, 2012, 2011"
Carmel,https://transcal.s3.amazonaws.com/public/export/carmel-2016.csv,2016,"2016, 2015, 2014, 2013, 2012, 2011"
Carpinteria,https://transcal.s3.amazonaws.com/public/export/carpinteria-2016.csv,2016,"2016, 2015, 2014, 2013"
Carson,https://transcal.s3.amazonaws.com/public/export/carson-2016.csv,2016,"2016, 2015, 2014, 2013, 2012"
Cathedral-City,https://transcal.s3.amazonaws.com/public/export/cathedral-city-2016.csv,2016,"2016, 2015, 2014, 2013"
Ceres,https://transcal.s3.amazonaws.com/public/export/ceres-2016.csv,2016,"2016, 2015, 2014, 2013"
Cerritos,https://transcal.s3.amazonaws.com/public/export/cerritos-2016.csv,2016,"2016, 2015, 2014, 2013"
Chico,https://transcal.s3.amazonaws.com/public/export/chico-2016.csv,2016,"2016, 2015, 2014, 2013, 2012, 2011"
Chino,https://transcal.s3.amazonaws.com/public/export/chino-2016.csv,2016,"2016, 2015, 2014, 2013"
Chino-Hills,https://transcal.s3.amazonaws.com/public/export/chino-hills-2016.csv,2016,"2016, 2015, 2014, 2013, 2012, 2011"
Chowchilla,https://transcal.s3.amazonaws.com/public/export/chowchilla-2016.csv,2016,"2016, 2015, 2014, 2013, 2012, 2011"
Chula-Vista,https://transcal.s3.amazonaws.com/public/export/chula-vista-2016.csv,2016,"2016, 2015, 2014, 2013, 2012, 2011"
Citrus-Heights,https://transcal.s3.amazonaws.com/public/export/citrus-heights-2016.csv,2016,"2016, 2015, 2014, 2013, 2012, 2011"
City-of-Industry,https://transcal.s3.amazonaws.com/public/export/city-of-industry-2016.csv,2016,"2016, 2015, 2014, 2013, 2012"
Claremont,https://transcal.s3.amazonaws.com/public/export/claremont-2016.csv,2016,"2016, 2015, 2014, 2013, 2012, 2011"
Clayton,https://transcal.s3.amazonaws.com/public/export/clayton-2016.csv,2016,"2016, 2015, 2014, 2013, 2012, 2011"
Clearlake,https://transcal.s3.amazonaws.com/public/export/clearlake-2016.csv,2016,"2016, 2015, 2014, 2013, 2012"
Cloverdale,https://transcal.s3.amazonaws.com/public/export/cloverdale-2016.csv,2016,"2016, 2015, 2014, 2013, 2012, 2011"
Clovis,https://transcal.s3.amazonaws.com/public/export/clovis-2016.csv,2016,"2016, 2015, 2013, 2012"
Coachella,https://transcal.s3.amazonaws.com/public/export/coachella-2016.csv,2016,"2016, 2015, 2014, 2013, 2012, 2011"
Coalinga,https://transcal.s3.amazonaws.com/public/export/coalinga-2016.csv,2016,"2016, 2015, 2014"
Colfax,https://transcal.s3.amazonaws.com/public/export/colfax-2016.csv,2016,"2016, 2015, 2014, 2013, 2012, 2011"
Colma,https://transcal.s3.amazonaws.com/public/export/colma-2016.csv,2016,"2016, 2015, 2014, 2013, 2012, 2011"
Colton,https://transcal.s3.amazonaws.com/public/export/colton-2016.csv,2016,"2016, 2015, 2014, 2013"
Colusa,https://transcal.s3.amazonaws.com/public/export/colusa-2016.csv,2016,"2016, 2015, 2014, 2013, 2012"
Commerce,https://transcal.s3.amazonaws.com/public/export/commerce-2016.csv,2016,"2016, 2015, 2014, 2013, 2012, 2011"
Compton,https://transcal.s3.amazonaws.com/public/export/compton-2016.csv,2016,"2016, 2014, 2011"
Concord,https://transcal.s3.amazonaws.com/public/export/concord-2016.csv,2016,"2016, 2015, 2014, 2013, 2012, 2011"
Corcoran,https://transcal.s3.amazonaws.com/public/export/corcoran-2016.csv,2016,"2016, 2015, 2014, 2013, 2012, 2011"
Corona,https://transcal.s3.amazonaws.com/public/export/corona-2016.csv,2016,"2016, 2015, 2014, 2013, 2012, 2011"
Coronado,https://transcal.s3.amazonaws.com/public/export/coronado-2016.csv,2016,"2016, 2015, 2014, 2013, 2012, 2011"
Corte-Madera,https://transcal.s3.amazonaws.com/public/export/corte-madera-2016.csv,2016,"2016, 2015, 2014, 2013, 2012, 2011"
Costa-Mesa,https://transcal.s3.amazonaws.com/public/export/costa-mesa-2016.csv,2016,"2016, 2015, 2014, 2013, 2012, 2011"
Cotati,https://transcal.s3.amazonaws.com/public/export/cotati-2016.csv,2016,"2016, 2015, 2014, 2013, 2012"
Covina,https://transcal.s3.amazonaws.com/public/export/covina-2016.csv,2016,"2016, 2015, 2013"
Crescent-City,https://transcal.s3.amazonaws.com/public/export/crescent-city-2016.csv,2016,"2016, 2015, 2014, 2013, 2012, 2011"
Cudahy,https://transcal.s3.amazonaws.com/public/export/cudahy-2016.csv,2016,2016
Culver-City,https://transcal.s3.amazonaws.com/public/export/culver-city-2016.csv,2016,"2016, 2015, 2014, 2013, 2012, 2011"
Cupertino,https://transcal.s3.amazonaws.com/public/export/cupertino-2016.csv,2016,"2016, 2015, 2014, 2013, 2012, 2011"
Cypress,https://transcal.s3.amazonaws.com/public/export/cypress-2016.csv,2016,"2016, 2015, 2014, 2013, 2012, 2011"
Daly-City,https://transcal.s3.amazonaws.com/public/export/daly-city-2016.csv,2016,"2016, 2015, 2014, 2013, 2012, 2011"
Dana-Point,https://transcal.s3.amazonaws.com/public/export/dana-point-2016.csv,2016,"2016, 2015, 2014, 2013, 2012"
Danville,https://transcal.s3.amazonaws.com/public/export/danville-2016.csv,2016,"2016, 2015, 2014, 2013, 2012, 2011"
Davis,https://transcal.s3.amazonaws.com/public/export/davis-2016.csv,2016,"2016, 2015, 2014, 2013, 2012, 2011"
Delano,https://transcal.s3.amazonaws.com/public/export/delano-2016.csv,2016,"2016, 2015, 2014, 2013, 2012, 2011"
Del-Mar,https://transcal.s3.amazonaws.com/public/export/del-mar-2016.csv,2016,"2016, 2015, 2014, 2013, 2012"
Del-Rey-Oaks,https://transcal.s3.amazonaws.com/public/export/del-rey-oaks-2016.csv,2016,"2016, 2015, 2014, 2013, 2012"
Desert-Hot-Springs,https://transcal.s3.amazonaws.com/public/export/desert-hot-springs-2016.csv,2016,"2016, 2015, 2014, 2013, 2012, 2011"
Diamond-Bar,https://transcal.s3.amazonaws.com/public/export/diamond-bar-2016.csv,2016,"2016, 2015, 2014, 2013, 2012, 2011"
Dinuba,https://transcal.s3.amazonaws.com/public/export/dinuba-2016.csv,2016,"2016, 2015, 2014, 2013, 2012, 2011"
Dixon,https://transcal.s3.amazonaws.com/public/export/dixon-2016.csv,2016,"2016, 2015, 2014, 2013, 2012, 2011"
Dorris,https://transcal.s3.amazonaws.com/public/export/dorris-2013.csv,2013,"2013, 2012, 2011"
Downey,https://transcal.s3.amazonaws.com/public/export/downey-2016.csv,2016,"2016, 2015, 2014, 2013, 2012, 2011"
Duarte,https://transcal.s3.amazonaws.com/public/export/duarte-2016.csv,2016,"2016, 2015, 2014, 2013, 2012, 2011"
Dublin,https://transcal.s3.amazonaws.com/public/export/dublin-2016.csv,2016,"2016, 2015, 2014, 2013, 2012, 2011"
East-Palo-Alto,https://transcal.s3.amazonaws.com/public/export/east-palo-alto-2016.csv,2016,"2016, 2015, 2014, 2013, 2012, 2011"
Eastvale,https://transcal.s3.amazonaws.com/public/export/eastvale-2016.csv,2016,"2016, 2015, 2014, 2013, 2012, 2011"
El-Cajon,https://transcal.s3.amazonaws.com/public/export/el-cajon-2016.csv,2016,"2016, 2015, 2014, 2013, 2012, 2011"
El-Centro,https://transcal.s3.amazonaws.com/public/export/el-centro-2016.csv,2016,"2016, 2015, 2014, 2013, 2012"
El-Cerrito,https://transcal.s3.amazonaws.com/public/export/el-cerrito-2016.csv,2016,"2016, 2015, 2014, 2013, 2012, 2011"
Elk-Grove,https://transcal.s3.amazonaws.com/public/export/elk-grove-2016.csv,2016,"2016, 2015, 2014, 2013, 2012, 2011"
El-Monte,https://transcal.s3.amazonaws.com/public/export/el-monte-2016.csv,2016,"2016, 2015, 2014, 2013, 2012, 2011"
El-Segundo,https://transcal.s3.amazonaws.com/public/export/el-segundo-2016.csv,2016,"2016, 2015, 2014, 2013, 2012, 2011"
Emeryville,https://transcal.s3.amazonaws.com/public/export/emeryville-2016.csv,2016,"2016, 2015, 2014, 2013, 2012, 2011"
Encinitas,https://transcal.s3.amazonaws.com/public/export/encinitas-2016.csv,2016,"2016, 2015, 2014, 2013, 2012, 2011"
Escalon,https://transcal.s3.amazonaws.com/public/export/escalon-2016.csv,2016,"2016, 2015, 2014, 2013, 2012"
Escondido,https://transcal.s3.amazonaws.com/public/export/escondido-2016.csv,2016,"2016, 2015, 2014, 2013, 2012, 2011"
Etna,https://transcal.s3.amazonaws.com/public/export/etna-2016.csv,2016,"2016, 2015, 2014, 2013"
Eureka,https://transcal.s3.amazonaws.com/public/export/eureka-2016.csv,2016,"2016, 2015, 2014, 2013, 2012, 2011"
Exeter,https://transcal.s3.amazonaws.com/public/export/exeter-2016.csv,2016,2016
Fairfax,https://transcal.s3.amazonaws.com/public/export/fairfax-2016.csv,2016,"2016, 2015, 2014"
Fairfield,https://transcal.s3.amazonaws.com/public/export/fairfield-2016.csv,2016,"2016, 2015, 2014, 2013, 2012, 2011"
Farmersville,https://transcal.s3.amazonaws.com/public/export/farmersville-2016.csv,2016,"2016, 2015"
Ferndale,https://transcal.s3.amazonaws.com/public/export/ferndale-2016.csv,2016,"2016, 2015, 2014, 2013"
Fillmore,https://transcal.s3.amazonaws.com/public/export/fillmore-2016.csv,2016,"2016, 2014, 2013"
Firebaugh,https://transcal.s3.amazonaws.com/public/export/firebaugh-2016.csv,2016,"2016, 2015, 2011"
Folsom,https://transcal.s3.amazonaws.com/public/export/folsom-2016.csv,2016,"2016, 2015, 2014, 2013, 2012, 2011"
Fontana,https://transcal.s3.amazonaws.com/public/export/fontana-2016.csv,2016,"2016, 2015, 2014, 2013, 2012, 2011"
Fort-Bragg,https://transcal.s3.amazonaws.com/public/export/fort-bragg-2016.csv,2016,"2016, 2015, 2014, 2013, 2012, 2011"
Fortuna,https://transcal.s3.amazonaws.com/public/export/fortuna-2016.csv,2016,"2016, 2015, 2014, 2013, 2012, 2011"
Foster-City,https://transcal.s3.amazonaws.com/public/export/foster-city-2016.csv,2016,"2016, 2015, 2014, 2013, 2012, 2011"
Fountain-Valley,https://transcal.s3.amazonaws.com/public/export/fountain-valley-2016.csv,2016,"2016, 2015, 2014, 2013, 2012, 2011"
Fowler,https://transcal.s3.amazonaws.com/public/export/fowler-2016.csv,2016,"2016, 2014, 2013"
Fremont,https://transcal.s3.amazonaws.com/public/export/fremont-2016.csv,2016,"2016, 2015, 2014, 2013, 2012, 2011"
Fresno,https://transcal.s3.amazonaws.com/public/export/fresno-2016.csv,2016,"2016, 2015, 2014, 2013, 2012, 2011"
Fullerton,https://transcal.s3.amazonaws.com/public/export/fullerton-2016.csv,2016,"2016, 2015, 2014, 2013, 2012, 2011"
Galt,https://transcal.s3.amazonaws.com/public/export/galt-2016.csv,2016,"2016, 2014, 2013, 2012"
Gardena,https://transcal.s3.amazonaws.com/public/export/gardena-2016.csv,2016,"2016, 2015, 2014, 2013, 2011"
Garden-Grove,https://transcal.s3.amazonaws.com/public/export/garden-grove-2016.csv,2016,"2016, 2015, 2014, 2013, 2012, 2011"
Gilroy,https://transcal.s3.amazonaws.com/public/export/gilroy-2016.csv,2016,"2016, 2015, 2014, 2013, 2012, 2011"
Glendale,https://transcal.s3.amazonaws.com/public/export/glendale-2016.csv,2016,"2016, 2015, 2014, 2013, 2012"
Glendora,https://transcal.s3.amazonaws.com/public/export/glendora-2016.csv,2016,"2016, 2015, 2014, 2011"
Goleta,https://transcal.s3.amazonaws.com/public/export/goleta-2016.csv,2016,"2016, 2015, 2014, 2013, 2012, 2011"
Gonzales,https://transcal.s3.amazonaws.com/public/export/gonzales-2016.csv,2016,"2016, 2015, 2014, 2013, 2012, 2011"
Grand-Terrace,https://transcal.s3.amazonaws.com/public/export/grand-terrace-2016.csv,2016,"2016, 2015, 2012, 2011"
Grass-Valley,https://transcal.s3.amazonaws.com/public/export/grass-valley-2016.csv,2016,"2016, 2015, 2014, 2013, 2012, 2011"
Greenfield,https://transcal.s3.amazonaws.com/public/export/greenfield-2016.csv,2016,"2016, 2015, 2014, 2013, 2012, 2011"
Gridley,https://transcal.s3.amazonaws.com/public/export/gridley-2016.csv,2016,"2016, 2015, 2012, 2011"
Grover-Beach,https://transcal.s3.amazonaws.com/public/export/grover-beach-2016.csv,2016,"2016, 2015, 2014, 2013"
Guadalupe,https://transcal.s3.amazonaws.com/public/export/guadalupe-2016.csv,2016,"2016, 2015, 2014, 2013"
Gustine,https://transcal.s3.amazonaws.com/public/export/gustine-2016.csv,2016,"2016, 2015, 2014, 2013, 2012, 2011"
Half-Moon-Bay,https://transcal.s3.amazonaws.com/public/export/half-moon-bay-2016.csv,2016,"2016, 2015, 2014, 2013, 2012, 2011"
Hanford,https://transcal.s3.amazonaws.com/public/export/hanford-2016.csv,2016,"2016, 2014, 2012, 2011"
Hawaiian-Gardens,https://transcal.s3.amazonaws.com/public/export/hawaiian-gardens-2016.csv,2016,"2016, 2015, 2014, 2013, 2012, 2011"
Hawthorne,https://transcal.s3.amazonaws.com/public/export/hawthorne-2016.csv,2016,"2016, 2015, 2014, 2013, 2012, 2011"
Hayward,https://transcal.s3.amazonaws.com/public/export/hayward-2016.csv,2016,"2016, 2015, 2014, 2013, 2012, 2011"
Healdsburg,https://transcal.s3.amazonaws.com/public/export/healdsburg-2016.csv,2016,"2016, 2015, 2014, 2013, 2012, 2011"
Hemet,https://transcal.s3.amazonaws.com/public/export/hemet-2016.csv,2016,"2016, 2015, 2014, 2013, 2012, 2011"
Hercules,https://transcal.s3.amazonaws.com/public/export/hercules-2016.csv,2016,"2016, 2015, 2014, 2013, 2012, 2011"
Hermosa-Beach,https://transcal.s3.amazonaws.com/public/export/hermosa-beach-2016.csv,2016,"2016, 2015, 2014, 2013"
Hesperia,https://transcal.s3.amazonaws.com/public/export/hesperia-2016.csv,2016,"2016, 2015, 2014, 2013, 2012, 2011"
Hidden-Hills,https://transcal.s3.amazonaws.com/public/export/hidden-hills-2016.csv,2016,"2016, 2015, 2014, 2013, 2012, 2011"
Highland,https://transcal.s3.amazonaws.com/public/export/highland-2016.csv,2016,"2016, 2015, 2014, 2013, 2012, 2011"
Hillsborough,https://transcal.s3.amazonaws.com/public/export/hillsborough-2016.csv,2016,"2016, 2015, 2014, 2013, 2012, 2011"
Hollister,https://transcal.s3.amazonaws.com/public/export/hollister-2016.csv,2016,"2016, 2015, 2014, 2013, 2012, 2011"
Holtville,https://transcal.s3.amazonaws.com/public/export/holtville-2016.csv,2016,"2016, 2015, 2012, 2011"
Hughson,https://transcal.s3.amazonaws.com/public/export/hughson-2016.csv,2016,"2016, 2015, 2014, 2013, 2012, 2011"
Huntington-Beach,https://transcal.s3.amazonaws.com/public/export/huntington-beach-2016.csv,2016,"2016, 2015, 2014, 2013, 2012, 2011"
Huntington-Park,https://transcal.s3.amazonaws.com/public/export/huntington-park-2016.csv,2016,"2016, 2015, 2013"
Huron,https://transcal.s3.amazonaws.com/public/export/huron-2016.csv,2016,"2016, 2014, 2013, 2012, 2011"
Imperial,https://transcal.s3.amazonaws.com/public/export/imperial-2016.csv,2016,"2016, 2015"
Imperial-Beach,https://transcal.s3.amazonaws.com/public/export/imperial-beach-2016.csv,2016,"2016, 2015, 2014, 2013, 2012, 2011"
Indian-Wells,https://transcal.s3.amazonaws.com/public/export/indian-wells-2016.csv,2016,"2016, 2015, 2014, 2013, 2012, 2011"
Indio,https://transcal.s3.amazonaws.com/public/export/indio-2016.csv,2016,"2016, 2015, 2014, 2013, 2012"
Inglewood,https://transcal.s3.amazonaws.com/public/export/inglewood-2016.csv,2016,"2016, 2015, 2014, 2013"
Ione,https://transcal.s3.amazonaws.com/public/export/ione-2016.csv,2016,"2016, 2012"
Irvine,https://transcal.s3.amazonaws.com/public/export/irvine-2016.csv,2016,"2016, 2015, 2014, 2013, 2012, 2011"
Irwindale,https://transcal.s3.amazonaws.com/public/export/irwindale-2016.csv,2016,"2016, 2014, 2013, 2012, 2011"
Jackson,https://transcal.s3.amazonaws.com/public/export/jackson-2016.csv,2016,"2016, 2015"
Jurupa-Valley,https://transcal.s3.amazonaws.com/public/export/jurupa-valley-2016.csv,2016,"2016, 2013, 2012, 2011"
Kerman,https://transcal.s3.amazonaws.com/public/export/kerman-2016.csv,2016,"2016, 2015, 2014, 2013, 2012, 2011"
King-City,https://transcal.s3.amazonaws.com/public/export/king-city-2016.csv,2016,"2016, 2015, 2014, 2013, 2012, 2011"
Kingsburg,https://transcal.s3.amazonaws.com/public/export/kingsburg-2016.csv,2016,"2016, 2015, 2014, 2013, 2012, 2011"
La-Canada-Flintridge,https://transcal.s3.amazonaws.com/public/export/la-canada-flintridge-2016.csv,2016,"2016, 2015, 2014, 2013, 2012, 2011"
Lafayette,https://transcal.s3.amazonaws.com/public/export/lafayette-2016.csv,2016,"2016, 2015, 2014, 2013, 2012, 2011"
Laguna-Beach,https://transcal.s3.amazonaws.com/public/export/laguna-beach-2016.csv,2016,"2016, 2015, 2014, 2013, 2012, 2011"
Laguna-Hills,https://transcal.s3.amazonaws.com/public/export/laguna-hills-2016.csv,2016,"2016, 2015, 2014, 2013, 2012, 2011"
Laguna-Niguel,https://transcal.s3.amazonaws.com/public/export/laguna-niguel-2016.csv,2016,"2016, 2015, 2014, 2013, 2012, 2011"
Laguna-Woods,https://transcal.s3.amazonaws.com/public/export/laguna-woods-2016.csv,2016,"2016, 2015, 2014, 2013"
La-Habra,https://transcal.s3.amazonaws.com/public/export/la-habra-2016.csv,2016,"2016, 2015, 2014, 2013, 2012, 2011"
La-Habra-Heights,https://transcal.s3.amazonaws.com/public/export/la-habra-heights-2016.csv,2016,"2016, 2015, 2014, 2013, 2012, 2011"
Lake-Elsinore,https://transcal.s3.amazonaws.com/public/export/lake-elsinore-2016.csv,2016,"2016, 2015, 2013, 2012, 2011"
Lake-Forest,https://transcal.s3.amazonaws.com/public/export/lake-forest-2016.csv,2016,"2016, 2015, 2014, 2013, 2012, 2011"
Lakeport,https://transcal.s3.amazonaws.com/public/export/lakeport-2016.csv,2016,"2016, 2015, 2014, 2013, 2012, 2011"
Lakewood,https://transcal.s3.amazonaws.com/public/export/lakewood-2016.csv,2016,"2016, 2015, 2014, 2013, 2012, 2011"
La-Mesa,https://transcal.s3.amazonaws.com/public/export/la-mesa-2016.csv,2016,"2016, 2015, 2014, 2013, 2012, 2011"
La-Mirada,https://transcal.s3.amazonaws.com/public/export/la-mirada-2016.csv,2016,"2016, 2015, 2014, 2013, 2012"
Lancaster,https://transcal.s3.amazonaws.com/public/export/lancaster-2016.csv,2016,"2016, 2015, 2014, 2013, 2012, 2011"
La-Palma,https://transcal.s3.amazonaws.com/public/export/la-palma-2016.csv,2016,"2016, 2015, 2014, 2013, 2012, 2011"
La-Puente,https://transcal.s3.amazonaws.com/public/export/la-puente-2016.csv,2016,"2016, 2015, 2014, 2013, 2012, 2011"
La-Quinta,https://transcal.s3.amazonaws.com/public/export/la-quinta-2016.csv,2016,"2016, 2015, 2014, 2013, 2012, 2011"
Larkspur,https://transcal.s3.amazonaws.com/public/export/larkspur-2016.csv,2016,"2016, 2015, 2014, 2013, 2012, 2011"
Lathrop,https://transcal.s3.amazonaws.com/public/export/lathrop-2016.csv,2016,"2016, 2015, 2014, 2013, 2012, 2011"
La-Verne,https://transcal.s3.amazonaws.com/public/export/la-verne-2016.csv,2016,"2016, 2015, 2014, 2013, 2012, 2011"
Lawndale,https://transcal.s3.amazonaws.com/public/export/lawndale-2016.csv,2016,"2016, 2015, 2014, 2013, 2012, 2011"
Lemon-Grove,https://transcal.s3.amazonaws.com/public/export/lemon-grove-2016.csv,2016,"2016, 2015, 2014, 2013, 2011"
Lemoore,https://transcal.s3.amazonaws.com/public/export/lemoore-2016.csv,2016,"2016, 2015, 2014, 2013, 2012, 2011"
Lincoln,https://transcal.s3.amazonaws.com/public/export/lincoln-2016.csv,2016,"2016, 2015, 2014, 2013, 2012, 2011"
Lindsay,https://transcal.s3.amazonaws.com/public/export/lindsay-2016.csv,2016,"2016, 2015, 2014, 2013"
Live-Oak,https://transcal.s3.amazonaws.com/public/export/live-oak-2016.csv,2016,2016
Livermore,https://transcal.s3.amazonaws.com/public/export/livermore-2016.csv,2016,"2016, 2015, 2014, 2013, 2012, 2011"
Livingston,https://transcal.s3.amazonaws.com/public/export/livingston-2016.csv,2016,"2016, 2015, 2014, 2013"
Lodi,https://transcal.s3.amazonaws.com/public/export/lodi-2016.csv,2016,"2016, 2015, 2014, 2013, 2012, 2011"
Loma-Linda,https://transcal.s3.amazonaws.com/public/export/loma-linda-2016.csv,2016,"2016, 2015, 2014, 2013, 2012, 2011"
Lomita,https://transcal.s3.amazonaws.com/public/export/lomita-2016.csv,2016,"2016, 2013, 2012, 2011"
Lompoc,https://transcal.s3.amazonaws.com/public/export/lompoc-2016.csv,2016,"2016, 2015, 2014, 2013, 2012, 2011"
Long-Beach,https://transcal.s3.amazonaws.com/public/export/long-beach-2016.csv,2016,"2016, 2015, 2014, 2013, 2012, 2011"
Loomis,https://transcal.s3.amazonaws.com/public/export/loomis-2016.csv,2016,"2016, 2015, 2014, 2013"
Los-Alamitos,https://transcal.s3.amazonaws.com/public/export/los-alamitos-2016.csv,2016,"2016, 2015, 2014, 2013, 2012"
Los-Altos,https://transcal.s3.amazonaws.com/public/export/los-altos-2016.csv,2016,"2016, 2015, 2014, 2013, 2012, 2011"
Los-Altos-Hills,https://transcal.s3.amazonaws.com/public/export/los-altos-hills-2016.csv,2016,"2016, 2015, 2014, 2013, 2012, 2011"
Los-Angeles,https://transcal.s3.amazonaws.com/public/export/los-angeles-2016.csv,2016,"2016, 2015, 2014, 2013, 2012, 2011"
Los-Banos,https://transcal.s3.amazonaws.com/public/export/los-banos-2016.csv,2016,"2016, 2015, 2014, 2013"
Los-Gatos,https://transcal.s3.amazonaws.com/public/export/los-gatos-2016.csv,2016,"2016, 2015, 2014, 2013, 2012, 2011"
Loyalton,https://transcal.s3.amazonaws.com/public/export/loyalton-2016.csv,2016,"2016, 2015, 2014, 2013"
Lynwood,https://transcal.s3.amazonaws.com/public/export/lynwood-2016.csv,2016,"2016, 2015, 2014, 2012, 2011"
Madera,https://transcal.s3.amazonaws.com/public/export/madera-2016.csv,2016,"2016, 2015, 2014, 2013, 2012, 2011"
Malibu,https://transcal.s3.amazonaws.com/public/export/malibu-2016.csv,2016,"2016, 2015, 2014, 2013, 2012, 2011"
Mammoth-Lakes,https://transcal.s3.amazonaws.com/public/export/mammoth-lakes-2016.csv,2016,"2016, 2015, 2014, 2013, 2012, 2011"
Manhattan-Beach,https://transcal.s3.amazonaws.com/public/export/manhattan-beach-2016.csv,2016,"2016, 2015, 2014, 2013, 2012"
Manteca,https://transcal.s3.amazonaws.com/public/export/manteca-2016.csv,2016,"2016, 2015, 2014, 2013, 2012, 2011"
Maricopa,https://transcal.s3.amazonaws.com/public/export/maricopa-2016.csv,2016,"2016, 2015, 2014, 2013, 2012, 2011"
Marina,https://transcal.s3.amazonaws.com/public/export/marina-2016.csv,2016,"2016, 2015, 2014, 2013, 2012, 2011"
Martinez,https://transcal.s3.amazonaws.com/public/export/martinez-2016.csv,2016,"2016, 2015, 2014, 2013, 2012, 2011"
Marysville,https://transcal.s3.amazonaws.com/public/export/marysville-2016.csv,2016,2016
Maywood,https://transcal.s3.amazonaws.com/public/export/maywood-2016.csv,2016,2016
McFarland,https://transcal.s3.amazonaws.com/public/export/mcfarland-2016.csv,2016,"2016, 2015, 2013"
Mendota,https://transcal.s3.amazonaws.com/public/export/mendota-2016.csv,2016,"2016, 2015, 2014, 2013, 2012, 2011"
Menifee,https://transcal.s3.amazonaws.com/public/export/menifee-2016.csv,2016,"2016, 2015, 2014, 2013, 2012, 2011"
Menlo-Park,https://transcal.s3.amazonaws.com/public/export/menlo-park-2016.csv,2016,"2016, 2015, 2014, 2013, 2012"
Merced,https://transcal.s3.amazonaws.com/public/export/merced-2016.csv,2016,"2016, 2015, 2014, 2013, 2012, 2011"
Millbrae,https://transcal.s3.amazonaws.com/public/export/millbrae-2016.csv,2016,"2016, 2015, 2014, 2013, 2012, 2011"
Mill-Valley,https://transcal.s3.amazonaws.com/public/export/mill-valley-2016.csv,2016,"2016, 2015, 2014, 2013, 2012, 2011"
Milpitas,https://transcal.s3.amazonaws.com/public/export/milpitas-2016.csv,2016,"2016, 2015, 2014, 2013, 2012, 2011"
Mission-Viejo,https://transcal.s3.amazonaws.com/public/export/mission-viejo-2016.csv,2016,"2016, 2015, 2014, 2013, 2012, 2011"
Modesto,https://transcal.s3.amazonaws.com/public/export/modesto-2016.csv,2016,"2016, 2015, 2014, 2013, 2012, 2011"
Monrovia,https://transcal.s3.amazonaws.com/public/export/monrovia-2016.csv,2016,"2016, 2015, 2014, 2013, 2012, 2011"
Montclair,https://transcal.s3.amazonaws.com/public/export/montclair-2016.csv,2016,"2016, 2015, 2014, 2013, 2012, 2011"
Montebello,https://transcal.s3.amazonaws.com/public/export/montebello-2016.csv,2016,"2016, 2015, 2014, 2013, 2012, 2011"
Monterey,https://transcal.s3.amazonaws.com/public/export/monterey-2016.csv,2016,"2016, 2015, 2014, 2013, 2012, 2011"
Monterey-Park,https://transcal.s3.amazonaws.com/public/export/monterey-park-2016.csv,2016,"2016, 2015, 2014, 2013, 2012, 2011"
Monte-Sereno,https://transcal.s3.amazonaws.com/public/export/monte-sereno-2016.csv,2016,"2016, 2015, 2014, 2013, 2012, 2011"
Moorpark,https://transcal.s3.amazonaws.com/public/export/moorpark-2016.csv,2016,"2016, 2015, 2014, 2013, 2012, 2011"
Moraga,https://transcal.s3.amazonaws.com/public/export/moraga-2016.csv,2016,"2016, 2015, 2014, 2013, 2012, 2011"
Moreno-Valley,https://transcal.s3.amazonaws.com/public/export/moreno-valley-2016.csv,2016,"2016, 2015, 2014, 2013, 2012, 2011"
Morgan-Hill,https://transcal.s3.amazonaws.com/public/export/morgan-hill-2016.csv,2016,"2016, 2015, 2014, 2013, 2012, 2011"
Morro-Bay,https://transcal.s3.amazonaws.com/public/export/morro-bay-2016.csv,2016,"2016, 2015, 2014, 2013, 2012, 2011"
Mountain-View,https://transcal.s3.amazonaws.com/public/export/mountain-view-2016.csv,2016,"2016, 2015, 2014, 2013, 2012, 2011"
Mount-Shasta,https://transcal.s3.amazonaws.com/public/export/mount-shasta-2016.csv,2016,"2016, 2015, 2013, 2012, 2011"
Murrieta,https://transcal.s3.amazonaws.com/public/export/murrieta-2016.csv,2016,"2016, 2015, 2014, 2013, 2012, 2011"
Napa,https://transcal.s3.amazonaws.com/public/export/napa-2016.csv,2016,"2016, 2015, 2014, 2013, 2012, 2011"
National-City,https://transcal.s3.amazonaws.com/public/export/national-city-2016.csv,2016,"2016, 2015, 2014, 2013, 2012, 2011"
Needles,https://transcal.s3.amazonaws.com/public/export/needles-2016.csv,2016,"2016, 2015, 2014, 2013, 2012, 2011"
Nevada-City,https://transcal.s3.amazonaws.com/public/export/nevada-city-2016.csv,2016,"2016, 2015, 2014, 2013"
Newark,https://transcal.s3.amazonaws.com/public/export/newark-2016.csv,2016,"2016, 2015, 2014, 2013, 2012, 2011"
Newman,https://transcal.s3.amazonaws.com/public/export/newman-2016.csv,2016,"2016, 2015, 2014, 2013, 2012, 2011"
Newport-Beach,https://transcal.s3.amazonaws.com/public/export/newport-beach-2016.csv,2016,"2016, 2015, 2014, 2013, 2012"
Norco,https://transcal.s3.amazonaws.com/public/export/norco-2016.csv,2016,"2016, 2015, 2014, 2013"
Norwalk,https://transcal.s3.amazonaws.com/public/export/norwalk-2016.csv,2016,"2016, 2015, 2014, 2013, 2012, 2011"
Novato,https://transcal.s3.amazonaws.com/public/export/novato-2016.csv,2016,"2016, 2015, 2014, 2013, 2012, 2011"
Oakdale,https://transcal.s3.amazonaws.com/public/export/oakdale-2016.csv,2016,"2016, 2015, 2014, 2013"
Oakland,https://transcal.s3.amazonaws.com/public/export/oakland-2016.csv,2016,"2016, 2015, 2014, 2013, 2012, 2011"
Oakley,https://transcal.s3.amazonaws.com/public/export/oakley-2016.csv,2016,"2016, 2015, 2014, 2013, 2012, 2011"
Oceanside,https://transcal.s3.amazonaws.com/public/export/oceanside-2016.csv,2016,"2016, 2015, 2014, 2013, 2012, 2011"
Ojai,https://transcal.s3.amazonaws.com/public/export/ojai-2016.csv,2016,"2016, 2015, 2014, 2013, 2011"
Ontario,https://transcal.s3.amazonaws.com/public/export/ontario-2016.csv,2016,"2016, 2015, 2014, 2013, 2012, 2011"
Orange,https://transcal.s3.amazonaws.com/public/export/orange-2016.csv,2016,"2016, 2015, 2014, 2013, 2012, 2011"
Orange-Cove,https://transcal.s3.amazonaws.com/public/export/orange-cove-2016.csv,2016,"2016, 2015, 2014, 2013"
Orinda,https://transcal.s3.amazonaws.com/public/export/orinda-2016.csv,2016,"2016, 2015, 2014, 2013, 2012, 2011"
Orland,https://transcal.s3.amazonaws.com/public/export/orland-2016.csv,2016,"2016, 2015, 2014, 2013, 2012, 2011"
Oroville,https://transcal.s3.amazonaws.com/public/export/oroville-2016.csv,2016,"2016, 2015, 2014, 2013, 2012, 2011"
Oxnard,https://transcal.s3.amazonaws.com/public/export/oxnard-2016.csv,2016,"2016, 2015, 2014, 2013, 2012"
Pacifica,https://transcal.s3.amazonaws.com/public/export/pacifica-2016.csv,2016,"2016, 2015, 2014, 2013, 2012, 2011"
Pacific-Grove,https://transcal.s3.amazonaws.com/public/export/pacific-grove-2016.csv,2016,"2016, 2015, 2014, 2013"
Palmdale,https://transcal.s3.amazonaws.com/public/export/palmdale-2016.csv,2016,"2016, 2015, 2014, 2013, 2012, 2011"
Palm-Desert,https://transcal.s3.amazonaws.com/public/export/palm-desert-2016.csv,2016,"2016, 2015, 2014, 2013, 2012, 2011"
Palm-Springs,https://transcal.s3.amazonaws.com/public/export/palm-springs-2016.csv,2016,"2016, 2015, 2014, 2013, 2012, 2011"
Palo-Alto,https://transcal.s3.amazonaws.com/public/export/palo-alto-2016.csv,2016,"2016, 2015, 2014, 2013, 2012, 2011"
Palos-Verdes-Estates,https://transcal.s3.amazonaws.com/public/export/palos-verdes-estates-2016.csv,2016,"2016, 2015, 2014, 2013, 2012, 2011"
Paradise,https://transcal.s3.amazonaws.com/public/export/paradise-2016.csv,2016,"2016, 2015, 2014, 2013, 2012"
Paramount,https://transcal.s3.amazonaws.com/public/export/paramount-2016.csv,2016,"2016, 2015, 2014, 2013, 2012, 2011"
Parlier,https://transcal.s3.amazonaws.com/public/export/parlier-2016.csv,2016,"2016, 2015, 2014, 2013, 2012, 2011"
Pasadena,https://transcal.s3.amazonaws.com/public/export/pasadena-2016.csv,2016,"2016, 2015, 2014, 2013, 2012, 2011"
Paso-Robles,https://transcal.s3.amazonaws.com/public/export/paso-robles-2016.csv,2016,"2016, 2015, 2014, 2013, 2012, 2011"
Patterson,https://transcal.s3.amazonaws.com/public/export/patterson-2016.csv,2016,"2016, 2015, 2014, 2013, 2012, 2011"
Perris,https://transcal.s3.amazonaws.com/public/export/perris-2016.csv,2016,"2016, 2015, 2014, 2013"
Petaluma,https://transcal.s3.amazonaws.com/public/export/petaluma-2016.csv,2016,"2016, 2015, 2013, 2012, 2011"
Pico-Rivera,https://transcal.s3.amazonaws.com/public/export/pico-rivera-2016.csv,2016,"2016, 2015, 2014, 2013, 2012, 2011"
Piedmont,https://transcal.s3.amazonaws.com/public/export/piedmont-2016.csv,2016,"2016, 2015, 2014, 2013, 2012, 2011"
Pinole,https://transcal.s3.amazonaws.com/public/export/pinole-2016.csv,2016,"2016, 2015, 2014, 2013, 2012, 2011"
Pismo-Beach,https://transcal.s3.amazonaws.com/public/export/pismo-beach-2016.csv,2016,"2016, 2015, 2014, 2013, 2012, 2011"
Pittsburg,https://transcal.s3.amazonaws.com/public/export/pittsburg-2016.csv,2016,"2016, 2015, 2014, 2013, 2012, 2011"
Placentia,https://transcal.s3.amazonaws.com/public/export/placentia-2016.csv,2016,"2016, 2015, 2014, 2013, 2012, 2011"
Placerville,https://transcal.s3.amazonaws.com/public/export/placerville-2016.csv,2016,"2016, 2015"
Pleasant-Hill,https://transcal.s3.amazonaws.com/public/export/pleasant-hill-2016.csv,2016,"2016, 2015, 2014, 2013, 2012, 2011"
Pleasanton,https://transcal.s3.amazonaws.com/public/export/pleasanton-2016.csv,2016,"2016, 2015, 2014, 2013, 2012, 2011"
Plymouth,https://transcal.s3.amazonaws.com/public/export/plymouth-2016.csv,2016,"2016, 2015, 2014, 2013, 2012, 2011"
Point-Arena,https://transcal.s3.amazonaws.com/public/export/point-arena-2016.csv,2016,"2016, 2014, 2013"
Pomona,https://transcal.s3.amazonaws.com/public/export/pomona-2016.csv,2016,"2016, 2015, 2014, 2013, 2012, 2011"
Porterville,https://transcal.s3.amazonaws.com/public/export/porterville-2016.csv,2016,"2016, 2015, 2014, 2011"
Port-Hueneme,https://transcal.s3.amazonaws.com/public/export/port-hueneme-2016.csv,2016,"2016, 2015, 2014, 2013, 2012"
Portola,https://transcal.s3.amazonaws.com/public/export/portola-2016.csv,2016,"2016, 2015, 2014, 2013, 2012, 2011"
Portola-Valley,https://transcal.s3.amazonaws.com/public/export/portola-valley-2016.csv,2016,"2016, 2015, 2014, 2013, 2012, 2011"
Poway,https://transcal.s3.amazonaws.com/public/export/poway-2016.csv,2016,"2016, 2015, 2014, 2013, 2012, 2011"
Rancho-Cordova,https://transcal.s3.amazonaws.com/public/export/rancho-cordova-2016.csv,2016,"2016, 2015, 2014, 2013, 2012, 2011"
Rancho-Cucamonga,https://transcal.s3.amazonaws.com/public/export/rancho-cucamonga-2016.csv,2016,"2016, 2015, 2014, 2013, 2012, 2011"
Rancho-Mirage,https://transcal.s3.amazonaws.com/public/export/rancho-mirage-2016.csv,2016,"2016, 2015, 2014, 2013, 2012, 2011"
Rancho-Palos-Verdes,https://transcal.s3.amazonaws.com/public/export/rancho-palos-verdes-2016.csv,2016,"2016, 2015, 2014, 2013, 2012, 2011"
Rancho-Santa-Margarita,https://transcal.s3.amazonaws.com/public/export/rancho-santa-margarita-2016.csv,2016,"2016, 2015, 2014, 2013, 2012, 2011"
Red-Bluff,https://transcal.s3.amazonaws.com/public/export/red-bluff-2016.csv,2016,"2016, 2015, 2013, 2012, 2011"
Redding,https://transcal.s3.amazonaws.com/public/export/redding-2016.csv,2016,"2016, 2015, 2014, 2013, 2012"
Redlands,https://transcal.s3.amazonaws.com/public/export/redlands-2016.csv,2016,"2016, 2015, 2014, 2013, 2012, 2011"
Redondo-Beach,https://transcal.s3.amazonaws.com/public/export/redondo-beach-2016.csv,2016,"2016, 2015, 2014, 2013, 2012, 2011"
Redwood-City,https://transcal.s3.amazonaws.com/public/export/redwood-city-2016.csv,2016,"2016, 2015, 2014, 2013, 2012, 2011"
Reedley,https://transcal.s3.amazonaws.com/public/export/reedley-2016.csv,2016,"2016, 2015, 2014"
Rialto,https://transcal.s3.amazonaws.com/public/export/rialto-2016.csv,2016,"2016, 2015, 2014, 2013, 2012, 2011"
Richmond,https://transcal.s3.amazonaws.com/public/export/richmond-2016.csv,2016,"2016, 2015, 2014, 2013, 2012, 2011"
Ridgecrest,https://transcal.s3.amazonaws.com/public/export/ridgecrest-2016.csv,2016,"2016, 2015, 2014, 2013, 2012, 2011"
Rio-Dell,https://transcal.s3.amazonaws.com/public/export/rio-dell-2016.csv,2016,"2016, 2015, 2014, 2013, 2012"
Rio-Vista,https://transcal.s3.amazonaws.com/public/export/rio-vista-2016.csv,2016,"2016, 2015, 2014, 2013, 2012, 2011"
Ripon,https://transcal.s3.amazonaws.com/public/export/ripon-2016.csv,2016,"2016, 2015, 2014, 2013, 2012, 2011"
Riverbank,https://transcal.s3.amazonaws.com/public/export/riverbank-2016.csv,2016,"2016, 2015, 2014, 2013, 2012, 2011"
Riverside,https://transcal.s3.amazonaws.com/public/export/riverside-2016.csv,2016,"2016, 2015, 2014, 2013, 2012, 2011"
Rocklin,https://transcal.s3.amazonaws.com/public/export/rocklin-2016.csv,2016,"2016, 2015, 2014, 2013, 2012, 2011"
Rohnert-Park,https://transcal.s3.amazonaws.com/public/export/rohnert-park-2016.csv,2016,"2016, 2015, 2014, 2013, 2012, 2011"
Rolling-Hills,https://transcal.s3.amazonaws.com/public/export/rolling-hills-2016.csv,2016,"2016, 2015, 2014, 2013, 2012, 2011"
Rolling-Hills-Estates,https://transcal.s3.amazonaws.com/public/export/rolling-hills-estates-2016.csv,2016,"2016, 2015, 2013, 2012, 2011"
Rosemead,https://transcal.s3.amazonaws.com/public/export/rosemead-2016.csv,2016,"2016, 2015, 2014, 2013, 2012, 2011"
Roseville,https://transcal.s3.amazonaws.com/public/export/roseville-2016.csv,2016,"2016, 2015, 2014, 2013, 2012, 2011"
Ross,https://transcal.s3.amazonaws.com/public/export/ross-2016.csv,2016,"2016, 2015, 2014, 2013, 2012, 2011"
Sacramento,https://transcal.s3.amazonaws.com/public/export/sacramento-2016.csv,2016,"2016, 2015, 2014, 2013, 2012"
Salinas,https://transcal.s3.amazonaws.com/public/export/salinas-2016.csv,2016,"2016, 2015, 2014, 2013, 2012, 2011"
San-Anselmo,https://transcal.s3.amazonaws.com/public/export/san-anselmo-2016.csv,2016,"2016, 2015, 2014, 2013, 2012, 2011"
San-Bernardino,https://transcal.s3.amazonaws.com/public/export/san-bernardino-2016.csv,2016,"2016, 2015, 2014, 2013, 2012, 2011"
San-Bruno,https://transcal.s3.amazonaws.com/public/export/san-bruno-2016.csv,2016,"2016, 2015, 2014, 2013, 2012, 2011"
San-Carlos,https://transcal.s3.amazonaws.com/public/export/san-carlos-2016.csv,2016,"2016, 2015, 2014, 2013, 2012, 2011"
San-Clemente,https://transcal.s3.amazonaws.com/public/export/san-clemente-2016.csv,2016,"2016, 2015, 2014, 2013, 2012, 2011"
Sand-City,https://transcal.s3.amazonaws.com/public/export/sand-city-2016.csv,2016,"2016, 2015, 2014, 2013, 2012, 2011"
San-Diego,https://transcal.s3.amazonaws.com/public/export/san-diego-2016.csv,2016,"2016, 2015, 2014, 2013, 2012, 2011"
San-Dimas,https://transcal.s3.amazonaws.com/public/export/san-dimas-2016.csv,2016,"2016, 2015, 2014, 2013, 2012, 2011"
San-Fernando,https://transcal.s3.amazonaws.com/public/export/san-fernando-2016.csv,2016,"2016, 2015, 2014, 2013, 2012, 2011"
San-Gabriel,https://transcal.s3.amazonaws.com/public/export/san-gabriel-2016.csv,2016,"2016, 2015, 2014, 2013, 2012, 2011"
Sanger,https://transcal.s3.amazonaws.com/public/export/sanger-2016.csv,2016,"2016, 2015, 2014, 2013, 2012, 2011"
San-Jacinto,https://transcal.s3.amazonaws.com/public/export/san-jacinto-2016.csv,2016,"2016, 2015, 2014, 2013, 2012"
San-Joaquin,https://transcal.s3.amazonaws.com/public/export/san-joaquin-2016.csv,2016,"2016, 2015"
San-Jose,https://transcal.s3.amazonaws.com/public/export/san-jose-2016.csv,2016,"2016, 2015, 2014, 2013, 2012, 2011"
San-Juan-Bautista,https://transcal.s3.amazonaws.com/public/export/san-juan-bautista-2016.csv,2016,"2016, 2014, 2013, 2012, 2011"
San-Juan-Capistrano,https://transcal.s3.amazonaws.com/public/export/san-juan-capistrano-2016.csv,2016,"2016, 2015, 2014, 2013, 2012, 2011"
San-Leandro,https://transcal.s3.amazonaws.com/public/export/san-leandro-2016.csv,2016,"2016, 2015, 2014, 2013, 2012, 2011"
San-Luis-Obispo,https://transcal.s3.amazonaws.com/public/export/san-luis-obispo-2016.csv,2016,"2016, 2015, 2014, 2013, 2012"
San-Marcos,https://transcal.s3.amazonaws.com/public/export/san-marcos-2016.csv,2016,"2016, 2015, 2014, 2013, 2012, 2011"
San-Marino,https://transcal.s3.amazonaws.com/public/export/san-marino-2016.csv,2016,"2016, 2015, 2014, 2013, 2012, 2011"
San-Mateo,https://transcal.s3.amazonaws.com/public/export/san-mateo-2016.csv,2016,"2016, 2015, 2014, 2013, 2012, 2011"
San-Pablo,https://transcal.s3.amazonaws.com/public/export/san-pablo-2016.csv,2016,"2016, 2015, 2013, 2012, 2011"
San-Rafael,https://transcal.s3.amazonaws.com/public/export/san-rafael-2016.csv,2016,"2016, 2015, 2014, 2013, 2012, 2011"
San-Ramon,https://transcal.s3.amazonaws.com/public/export/san-ramon-2016.csv,2016,"2016, 2015, 2014, 2013, 2012, 2011"
Santa-Ana,https://transcal.s3.amazonaws.com/public/export/santa-ana-2016.csv,2016,"2016, 2015, 2014, 2013, 2012, 2011"
Santa-Barbara,https://transcal.s3.amazonaws.com/public/export/santa-barbara-2016.csv,2016,"2016, 2015, 2014, 2013, 2012, 2011"
Santa-Clara,https://transcal.s3.amazonaws.com/public/export/santa-clara-2016.csv,2016,"2016, 2015, 2014, 2013, 2012, 2011"
Santa-Clarita,https://transcal.s3.amazonaws.com/public/export/santa-clarita-2016.csv,2016,"2016, 2015, 2014, 2013, 2012, 2011"
Santa-Cruz,https://transcal.s3.amazonaws.com/public/export/santa-cruz-2016.csv,2016,"2016, 2015, 2014, 2013, 2012, 2011"
Santa-Fe-Springs,https://transcal.s3.amazonaws.com/public/export/santa-fe-springs-2016.csv,2016,"2016, 2015, 2014, 2013, 2012, 2011"
Santa-Maria,https://transcal.s3.amazonaws.com/public/export/santa-maria-2016.csv,2016,"2016, 2015, 2014, 2013, 2012, 2011"
Santa-Monica,https://transcal.s3.amazonaws.com/public/export/santa-monica-2016.csv,2016,"2016, 2015, 2014, 2013, 2012"
Santa-Paula,https://transcal.s3.amazonaws.com/public/export/santa-paula-2016.csv,2016,"2016, 2014, 2013, 2012, 2011"
Santa-Rosa,https://transcal.s3.amazonaws.com/public/export/santa-rosa-2016.csv,2016,"2016, 2015, 2014, 2013, 2012, 2011"
Santee,https://transcal.s3.amazonaws.com/public/export/santee-2016.csv,2016,"2016, 2015, 2014, 2013, 2012, 2011"
Saratoga,https://transcal.s3.amazonaws.com/public/export/saratoga-2016.csv,2016,"2016, 2015, 2014, 2013, 2012, 2011"
Sausalito,https://transcal.s3.amazonaws.com/public/export/sausalito-2016.csv,2016,"2016, 2015, 2014, 2013, 2012, 2011"
Scotts-Valley,https://transcal.s3.amazonaws.com/public/export/scotts-valley-2016.csv,2016,"2016, 2015, 2014, 2013, 2012, 2011"
Seal-Beach,https://transcal.s3.amazonaws.com/public/export/seal-beach-2016.csv,2016,"2016, 2015, 2014, 2013, 2012, 2011"
Seaside,https://transcal.s3.amazonaws.com/public/export/seaside-2016.csv,2016,"2016, 2013, 2012, 2011"
Sebastopol,https://transcal.s3.amazonaws.com/public/export/sebastopol-2016.csv,2016,"2016, 2015, 2014, 2013, 2012, 2011"
Selma,https://transcal.s3.amazonaws.com/public/export/selma-2016.csv,2016,"2016, 2015, 2013, 2012"
Shafter,https://transcal.s3.amazonaws.com/public/export/shafter-2016.csv,2016,"2016, 2015, 2014, 2013"
Shasta-Lake,https://transcal.s3.amazonaws.com/public/export/shasta-lake-2016.csv,2016,"2016, 2015, 2014, 2013, 2012, 2011"
Sierra-Madre,https://transcal.s3.amazonaws.com/public/export/sierra-madre-2016.csv,2016,"2016, 2015, 2014, 2013, 2012, 2011"
Signal-Hill,https://transcal.s3.amazonaws.com/public/export/signal-hill-2016.csv,2016,"2016, 2015, 2014, 2013, 2012, 2011"
Simi-Valley,https://transcal.s3.amazonaws.com/public/export/simi-valley-2016.csv,2016,"2016, 2015, 2014, 2013, 2012, 2011"
Solana-Beach,https://transcal.s3.amazonaws.com/public/export/solana-beach-2016.csv,2016,"2016, 2015, 2014, 2013, 2012, 2011"
Soledad,https://transcal.s3.amazonaws.com/public/export/soledad-2016.csv,2016,"2016, 2014, 2013, 2012, 2011"
Solvang,https://transcal.s3.amazonaws.com/public/export/solvang-2016.csv,2016,"2016, 2015, 2014, 2013, 2012, 2011"
Sonoma,https://transcal.s3.amazonaws.com/public/export/sonoma-2016.csv,2016,"2016, 2015, 2014, 2013, 2012, 2011"
Sonora,https://transcal.s3.amazonaws.com/public/export/sonora-2016.csv,2016,"2016, 2015, 2014, 2013, 2012, 2011"
South-El-Monte,https://transcal.s3.amazonaws.com/public/export/south-el-monte-2016.csv,2016,"2016, 2015, 2014, 2013, 2012, 2011"
South-Gate,https://transcal.s3.amazonaws.com/public/export/south-gate-2016.csv,2016,"2016, 2013"
South-Lake-Tahoe,https://transcal.s3.amazonaws.com/public/export/south-lake-tahoe-2016.csv,2016,"2016, 2015, 2014, 2013, 2012, 2011"
South-Pasadena,https://transcal.s3.amazonaws.com/public/export/south-pasadena-2016.csv,2016,"2016, 2015, 2014, 2013, 2012, 2011"
South-San-Francisco,https://transcal.s3.amazonaws.com/public/export/south-san-francisco-2016.csv,2016,"2016, 2015, 2014, 2013, 2012, 2011"
Stanton,https://transcal.s3.amazonaws.com/public/export/stanton-2016.csv,2016,"2016, 2015, 2014, 2013, 2012, 2011"
St-Helena,https://transcal.s3.amazonaws.com/public/export/st-helena-2016.csv,2016,"2016, 2015, 2014, 2013, 2012, 2011"
Stockton,https://transcal.s3.amazonaws.com/public/export/stockton-2016.csv,2016,"2016, 2015, 2014, 2013, 2012"
Suisun-City,https://transcal.s3.amazonaws.com/public/export/suisun-city-2016.csv,2016,"2016, 2015, 2014, 2013, 2012, 2011"
Sunnyvale,https://transcal.s3.amazonaws.com/public/export/sunnyvale-2016.csv,2016,"2016, 2015, 2014, 2013, 2012, 2011"
Susanville,https://transcal.s3.amazonaws.com/public/export/susanville-2016.csv,2016,"2016, 2014"
Sutter-Creek,https://transcal.s3.amazonaws.com/public/export/sutter-creek-2016.csv,2016,"2016, 2015, 2014, 2013, 2012, 2011"
Taft,https://transcal.s3.amazonaws.com/public/export/taft-2016.csv,2016,"2016, 2011"
Tehachapi,https://transcal.s3.amazonaws.com/public/export/tehachapi-2016.csv,2016,"2016, 2015, 2014, 2013, 2012, 2011"
Temecula,https://transcal.s3.amazonaws.com/public/export/temecula-2016.csv,2016,"2016, 2015, 2014, 2013, 2012, 2011"
Temple-City,https://transcal.s3.amazonaws.com/public/export/temple-city-2016.csv,2016,"2016, 2015, 2014, 2013, 2012, 2011"
Thousand-Oaks,https://transcal.s3.amazonaws.com/public/export/thousand-oaks-2016.csv,2016,"2016, 2015, 2014, 2013"
Tiburon,https://transcal.s3.amazonaws.com/public/export/tiburon-2016.csv,2016,"2016, 2015, 2014, 2013, 2012, 2011"
Torrance,https://transcal.s3.amazonaws.com/public/export/torrance-2016.csv,2016,"2016, 2015, 2014, 2013, 2012, 2011"
Tracy,https://transcal.s3.amazonaws.com/public/export/tracy-2016.csv,2016,"2016, 2015, 2014, 2013, 2012, 2011"
Trinidad,https://transcal.s3.amazonaws.com/public/export/trinidad-2016.csv,2016,"2016, 2015, 2013, 2012, 2011"
Truckee,https://transcal.s3.amazonaws.com/public/export/truckee-2016.csv,2016,"2016, 2015, 2014, 2013, 2012, 2011"
Tulare,https://transcal.s3.amazonaws.com/public/export/tulare-2016.csv,2016,"2016, 2015, 2014, 2013, 2012, 2011"
Tulelake,https://transcal.s3.amazonaws.com/public/export/tulelake-2012.csv,2012,"2012, 2011"
Turlock,https://transcal.s3.amazonaws.com/public/export/turlock-2016.csv,2016,"2016, 2015, 2014, 2013, 2012, 2011"
Tustin,https://transcal.s3.amazonaws.com/public/export/tustin-2016.csv,2016,"2016, 2015, 2014, 2013, 2012, 2011"
Twentynine-Palms,https://transcal.s3.amazonaws.com/public/export/twentynine-palms-2016.csv,2016,"2016, 2015, 2014, 2013, 2012, 2011"
Ukiah,https://transcal.s3.amazonaws.com/public/export/ukiah-2016.csv,2016,"2016, 2015, 2014, 2013"
Union-City,https://transcal.s3.amazonaws.com/public/export/union-city-2016.csv,2016,"2016, 2015, 2014, 2013, 2012, 2011"
Upland,https://transcal.s3.amazonaws.com/public/export/upland-2016.csv,2016,"2016, 2015, 2014, 2013, 2012, 2011"
Vacaville,https://transcal.s3.amazonaws.com/public/export/vacaville-2016.csv,2016,"2016, 2015, 2014, 2013, 2012"
Vallejo,https://transcal.s3.amazonaws.com/public/export/vallejo-2016.csv,2016,"2016, 2015, 2014, 2013, 2012, 2011"
Ventura,https://transcal.s3.amazonaws.com/public/export/ventura-2016.csv,2016,"2016, 2015, 2014, 2013, 2012"
Vernon,https://transcal.s3.amazonaws.com/public/export/vernon-2016.csv,2016,"2016, 2015, 2014, 2013, 2012, 2011"
Victorville,https://transcal.s3.amazonaws.com/public/export/victorville-2016.csv,2016,"2016, 2015, 2014, 2013, 2012"
Villa-Park,https://transcal.s3.amazonaws.com/public/export/villa-park-2016.csv,2016,"2016, 2015, 2013, 2012, 2011"
Visalia,https://transcal.s3.amazonaws.com/public/export/visalia-2016.csv,2016,"2016, 2015, 2014, 2013, 2012, 2011"
Vista,https://transcal.s3.amazonaws.com/public/export/vista-2016.csv,2016,"2016, 2015, 2014, 2013, 2012, 2011"
Walnut,https://transcal.s3.amazonaws.com/public/export/walnut-2016.csv,2016,"2016, 2015, 2014, 2013, 2012, 2011"
Walnut-Creek,https://transcal.s3.amazonaws.com/public/export/walnut-creek-2016.csv,2016,"2016, 2015, 2014, 2013, 2012"
Wasco,https://transcal.s3.amazonaws.com/public/export/wasco-2016.csv,2016,"2016, 2015, 2014, 2013, 2012, 2011"
Waterford,https://transcal.s3.amazonaws.com/public/export/waterford-2016.csv,2016,"2016, 2015, 2014, 2013, 2012, 2011"
Watsonville,https://transcal.s3.amazonaws.com/public/export/watsonville-2016.csv,2016,"2016, 2015, 2014, 2013, 2012, 2011"
Weed,https://transcal.s3.amazonaws.com/public/export/weed-2016.csv,2016,"2016, 2015, 2014"
West-Covina,https://transcal.s3.amazonaws.com/public/export/west-covina-2016.csv,2016,"2016, 2015, 2014, 2013, 2012, 2011"
West-Hollywood,https://transcal.s3.amazonaws.com/public/export/west-hollywood-2016.csv,2016,"2016, 2015, 2014, 2013, 2012, 2011"
Westlake-Village,https://transcal.s3.amazonaws.com/public/export/westlake-village-2016.csv,2016,"2016, 2015, 2014, 2013, 2012, 2011"
Westminster,https://transcal.s3.amazonaws.com/public/export/westminster-2016.csv,2016,"2016, 2015, 2014, 2013, 2012, 2011"
Westmorland,https://transcal.s3.amazonaws.com/public/export/westmorland-2016.csv,2016,"2016, 2012, 2011"
West-Sacramento,https://transcal.s3.amazonaws.com/public/export/west-sacramento-2016.csv,2016,"2016, 2015, 2014, 2013, 2012, 2011"
Wheatland,https://transcal.s3.amazonaws.com/public/export/wheatland-2016.csv,2016,"2016, 2015, 2014, 2013"
Whittier,https://transcal.s3.amazonaws.com/public/export/whittier-2016.csv,2016,"2016, 2015, 2014, 2013"
Wildomar,https://transcal.s3.amazonaws.com/public/export/wildomar-2016.csv,2016,"2016, 2012, 2011"
Williams,https://transcal.s3.amazonaws.com/public/export/williams-2016.csv,2016,"2016, 2015, 2014, 2013, 2012, 2011"
Willits,https://transcal.s3.amazonaws.com/public/export/willits-2016.csv,2016,"2016, 2015, 2014, 2013, 2012, 2011"
Willows,https://transcal.s3.amazonaws.com/public/export/willows-2016.csv,2016,"2016, 2015, 2014, 2013, 2012, 2011"
Windsor,https://transcal.s3.amazonaws.com/public/export/windsor-2016.csv,2016,"2016, 2015, 2014, 2013, 2012, 2011"
Winters,https://transcal.s3.amazonaws.com/public/export/winters-2016.csv,2016,"2016, 2015, 2014, 2013, 2012, 2011"
Woodlake,https://transcal.s3.amazonaws.com/public/export/woodlake-2016.csv,2016,"2016, 2015, 2014, 2013, 2012, 2011"
Woodland,https://transcal.s3.amazonaws.com/public/export/woodland-2016.csv,2016,"2016, 2015, 2014, 2013, 2012, 2011"
Woodside,https://transcal.s3.amazonaws.com/public/export/woodside-2016.csv,2016,"2016, 2015, 2014, 2013"
Yorba-Linda,https://transcal.s3.amazonaws.com/public/export/yorba-linda-2016.csv,2016,"2016, 2015, 2014, 2013, 2012, 2011"
Yountville,https://transcal.s3.amazonaws.com/public/export/yountville-2016.csv,2016,"2016, 2015, 2014, 2013, 2012, 2011"
Yreka,https://transcal.s3.amazonaws.com/public/export/yreka-2016.csv,2016,"2016, 2015, 2014, 2013, 2012, 2011"
Yuba-City,https://transcal.s3.amazonaws.com/public/export/yuba-city-2016.csv,2016,"2016, 2015, 2014, 2013, 2012, 2011"
Yucaipa,https://transcal.s3.amazonaws.com/public/export/yucaipa-2016.csv,2016,"2016, 2015, 2014, 2013, 2012, 2011"
Yucca-Valley,https://transcal.s3.amazonaws.com/public/export/yucca-valley-2016.csv,2016,"2016, 2015, 2014, 2013, 2012, 2011"
